country,year,gdp,population,energy_per_capita,coal_co2,oil_co2,gas_co2,total_ghg,methane,cement_co2,co2
Argentina,1990,3.39E+11,32755907,15718.703,3.14,59.188,43.213,312.334,122.548,1.822,112.149
Argentina,1991,3.76E+11,33230292,15747.927,2.939,61.233,47.284,346.004,122.05,2.196,117.755
Argentina,1992,4.17E+11,33693532,16661.842,3.107,63.633,48.303,342.419,124.153,2.495,121.535
Argentina,1993,4.45E+11,34152718,16981.766,2.528,67.152,40.807,335.297,123.987,2.761,118.001
Argentina,1994,4.73E+11,34613491,17651.035,3.561,67.203,42.677,337.789,125.816,3.05,118.469
Argentina,1995,4.62E+11,35070016,17977.289,3.741,62.834,53.194,347.306,128.135,2.621,125.277
Argentina,1996,4.89E+11,35513794,18568.533,3.114,65.921,57.542,350.828,124.795,2.422,131.15
Argentina,1997,5.32E+11,35947790,18560.299,2.807,66.868,61.504,358.378,125.23,3.169,136.553
Argentina,1998,5.55E+11,36372863,18999.846,3.155,69.576,61.614,360.215,122.855,3.283,139.32
Argentina,1999,5.38E+11,36794686,18990.684,2.788,72.723,67.619,375.176,127.468,3.29,148.304
Argentina,2000,5.36E+11,37213985,18849.811,2.36,67.434,69.438,376.635,128.914,2.771,143.469
Argentina,2001,5.15E+11,37624818,18210.119,2.008,64.334,64.807,375.235,128.149,2.481,135.137
Argentina,2002,4.61E+11,38029346,17275.256,1.579,57.495,62.618,438.218,131.581,1.729,124.931
Argentina,2003,5.03E+11,38424284,18326.521,2.48,59.355,69.068,496.371,140.466,2.28,134.481
Argentina,2004,5.50E+11,38815915,19261.457,2.532,67.813,82.913,548.137,142.708,2.701,157.049
Argentina,2005,6.01E+11,39216787,20232.844,3.668,71.8,81.967,561.961,140.585,3.241,161.589
Argentina,2006,6.52E+11,39622113,21038.723,3.968,81.911,83.867,578.216,143.171,3.764,174.309
Argentina,2007,7.15E+11,40016766,21708.369,3.759,77.952,87.178,509.561,139.471,3.998,173.581
Argentina,2008,7.47E+11,40424149,21780.381,3.975,88.658,90.12,489.573,137.055,3.99,187.342
Argentina,2009,7.06E+11,40854832,20954.273,3.305,82.38,87.993,581.036,130.646,3.81,178.181
Argentina,2010,7.86E+11,41288694,21507.703,4.082,90.145,86.928,532.046,121.533,4.178,185.946
Argentina,2011,8.38E+11,41730655,21894.867,4.825,86.906,92.586,530.076,120.203,4.586,189.775
Argentina,2012,8.29E+11,42161718,22494.715,5.078,85.587,95.381,492.679,123.675,4.184,191.362
Argentina,2013,8.49E+11,42582454,23152.588,4.84,87.487,91.338,465.765,124.986,4.581,189.538
Argentina,2014,8.28E+11,43024072,22881.006,5.536,84.292,92.844,484.721,125.942,4.336,188.397
Argentina,2015,8.50E+11,43477009,23046.873,5.467,86.954,93.535,451.467,126.093,4.571,191.744
Argentina,2016,8.33E+11,43900312,22726.455,4.192,84.556,96.303,443.72,128.37,4.029,189.92
Argentina,2017,8.56E+11,44288898,22503.818,4.279,80.856,96.442,421.577,132.716,4.362,186.899
Argentina,2018,8.34E+11,44654876,22163.16,4.356,74.392,96.123,418.329,132.614,4.369,180.599
Argentina,2019,8.17E+11,44973468,20725.168,2.143,74.847,95.606,436.947,133.37,4.141,178.508
Argentina,2020,7.36E+11,45191960,19314.059,3.224,67.319,89.083,396.199,131.85,3.508,165.121
Argentina,2021,8.12E+11,45312283,21168.963,4.51,86.529,93.073,416.624,129.182,4.671,191.108
Argentina,2022,8.55E+11,45407904,22618.625,4.78,99.135,92.908,433.366,129.569,5.063,204.081
Argentina,2023,,45538402,22277.793,4.106,93.742,91.051,422.011,128.234,4.853,195.806
Australia,1990,4.64E+11,17126301,61654.105,141.877,88.777,34.455,532.292,158.576,3.463,278.16
Australia,1991,4.61E+11,17353191,60444.344,146.083,88.177,32.786,513.691,159.446,3.183,279.534
Australia,1992,4.79E+11,17549282,60725.57,150.049,87.849,33.97,557.035,157.682,2.923,284.529
Australia,1993,5.02E+11,17722905,61505.934,150.096,90.318,35.67,566.656,155.667,3.005,288.874
Australia,1994,5.28E+11,17897430,63213.672,151.376,91.854,37.032,557.506,154.743,3.484,293.701
Australia,1995,5.49E+11,18095338,64117.02,155.735,96.068,39.847,645.68,154.361,3.358,305.056
Australia,1996,5.75E+11,18305299,65239.766,160.388,98.664,39.781,649.001,148.104,3.244,311.941
Australia,1997,6.01E+11,18504909,66120.109,167.683,98.381,41.09,629.577,149.195,3.185,320.333
Australia,1998,6.35E+11,18701707,67001.016,177.614,99.142,43.506,680.273,152.491,3.475,334.136
Australia,1999,6.65E+11,18909979,69004.562,183.231,100.809,45.564,696.619,168.302,3.52,343.959
Australia,2000,6.92E+11,19132473,68632.961,185.797,102.65,46.61,745.01,179.324,3.621,350.008
Australia,2001,7.14E+11,19365437,68338.281,190.082,103.174,49.326,726.142,191.321,3.541,357.784
Australia,2002,7.47E+11,19595357,68892.781,191.147,105.452,50.589,694.026,184.513,3.488,362.537
Australia,2003,7.74E+11,19819450,69082.789,195.386,109.666,49.912,702.678,141.664,3.584,369.63
Australia,2004,8.10E+11,20046680,70486.32,202.225,113.748,52.83,735.504,163.285,3.555,383.159
Australia,2005,8.40E+11,20294490,69917.164,200.715,116.504,54.458,632.909,143.842,3.664,386.176
Australia,2006,8.67E+11,20590565,71863.758,204.401,117.364,55.777,664.152,162.956,3.888,392.36
Australia,2007,9.11E+11,20954545,72304.695,203.559,119.32,61.006,693.954,160.142,3.972,399.475
Australia,2008,9.38E+11,21370595,72089.344,204.688,122.931,61.744,753.943,141.992,3.863,404.84
Australia,2009,9.63E+11,21783014,69689.844,206.066,122.373,63.087,693.025,146.943,3.829,407.094
Australia,2010,9.94E+11,22141583,68523.875,200.552,124.551,64.246,857.474,137.338,3.549,405.131
Australia,2011,1.02E+12,22479778,69714.188,192.141,129.802,66.46,827.467,188.392,3.496,403.858
Australia,2012,1.06E+12,22852649,67583.031,189.154,133.681,67.7,780.43,189.187,3.518,406.197
Australia,2013,1.09E+12,23236271,67307.039,176.363,137.311,69.642,676.871,140.812,3.294,399.068
Australia,2014,1.11E+12,23595599,66744.195,168.146,137.536,70.591,660.795,149.044,3.138,392.729
Australia,2015,1.14E+12,23947998,67223.109,174.205,137.952,71.37,635.95,149.469,3.076,401.497
Australia,2016,1.17E+12,24329961,66396.188,179.562,137.699,73.804,654.491,128.078,2.931,410.388
Australia,2017,1.20E+12,24731044,65133.145,176.932,139.838,75.229,685.722,149.094,3.019,413.818
Australia,2018,1.23E+12,25119700,65053.539,169.401,144.034,78.346,662.327,149.063,2.942,415.591
Australia,2019,1.26E+12,25482714,66247.297,164.952,143.362,80.305,627.438,134.878,3.04,415.77
Australia,2020,1.23E+12,25743787,61750.023,156.681,135.404,83.221,608.284,118.423,2.82,399.184
Australia,2021,1.30E+12,25956416,61304.32,151.894,134.679,80.065,609.463,123.757,2.9,389.02
Australia,2022,1.34E+12,26200987,63452.266,146.069,133.807,80.412,605.939,126.538,2.818,384.362
Australia,2023,,26451125,63256.879,142.666,141.596,74.636,580.988,113.681,2.818,382.972
Brazil,1990,1.19E+12,149143224,10391.007,37.095,151.775,7.484,1850.279,391.925,11.062,218.658
Brazil,1991,1.21E+12,151724253,10542.793,42.466,156.7,7.336,1932.865,400.744,11.776,229.394
Brazil,1992,1.22E+12,154275077,10515.058,41.203,163.252,7.983,2024.697,407.344,9.77,233.601
Brazil,1993,1.30E+12,156794574,10825.511,42.343,171.252,8.73,2063.815,410.981,10.164,244.306
Brazil,1994,1.39E+12,159265011,11174.377,43.667,179.162,8.985,2412.048,420.674,10.086,254.002
Brazil,1995,1.47E+12,161735079,11697.941,45.582,190.347,9.603,2409.293,427.42,11.528,268.678
Brazil,1996,1.52E+12,164202549,12198.168,46.468,206.281,10.608,2380.073,417.847,13.884,289.311
Brazil,1997,1.59E+12,166661663,12775.408,47.044,219.833,11.863,2472.712,427.563,15.267,306.949
Brazil,1998,1.62E+12,169159651,13032.864,45.591,229.578,12.411,2674.052,436.628,16.175,317.359
Brazil,1999,1.65E+12,171641544,12995.942,46.805,235.468,14.069,2699.725,443.736,16.439,327.256
Brazil,2000,1.74E+12,174018276,13400.32,50.46,239.488,18.442,2608.235,451.66,16.047,340.183
Brazil,2001,1.79E+12,176301200,12893.828,49.427,241.795,23.186,2584.388,464.504,15.227,346.166
Brazil,2002,1.86E+12,178503483,13021.791,48.689,239.219,29.293,2771.022,486.977,14.39,347.765
Brazil,2003,1.90E+12,180622688,13111.923,51.933,232.434,30.919,3426.338,509.06,13.096,344.645
Brazil,2004,2.04E+12,182675143,13593.7,53.833,239.768,38.215,3044.124,533.211,13.273,361.434
Brazil,2005,2.13E+12,184688101,13792.465,50.948,240.221,39.619,2845.96,536.834,14.349,364.371
Brazil,2006,2.24E+12,186653099,14020.683,50.838,242.249,42.053,2711.471,533.372,15.44,368.871
Brazil,2007,2.41E+12,188552310,14770.351,54.989,256.003,43.246,2614.047,532.185,17.2,390.573
Brazil,2008,2.56E+12,190367297,15255.087,55.315,267.239,51.303,2555.072,530.54,18.884,412.638
Brazil,2009,2.59E+12,192079956,15004.24,43.586,262.705,40.959,2374.529,529.17,19.031,389.775
Brazil,2010,2.82E+12,193701931,16220.931,56.688,286.08,55.049,2354.155,552.001,21.288,440.269
Brazil,2011,2.97E+12,195284736,16629.84,62.292,303.885,53.101,2331.277,550.328,22.845,462.58
Brazil,2012,3.03E+12,196876114,16963.494,61.016,327.734,63.397,2432.073,552.967,24.998,498.309
Brazil,2013,3.12E+12,198478291,17221.439,65.604,342.338,74.704,2450.492,553.942,26.652,532.418
Brazil,2014,3.13E+12,200085126,17519.043,69.034,356.753,81.286,2475.536,561.272,26.908,557.901
Brazil,2015,3.02E+12,201675534,17140.15,69.452,330.359,80.465,2459.342,570.865,25.082,529.353
Brazil,2016,2.92E+12,203218108,16591.764,63.831,312.939,69.666,2323.365,574.77,22.415,492.748
Brazil,2017,2.96E+12,204703440,16608.686,67.322,316.143,70.688,2268.588,574.937,20.217,498.266
Brazil,2018,3.01E+12,206107265,16539.109,65.841,300.73,67.417,2247.93,574.184,20.494,478.379
Brazil,2019,3.05E+12,207455459,16681.945,61.888,299.436,67.121,2278.087,581.54,21.048,473.39
Brazil,2020,2.95E+12,208660845,15921.327,56.241,282.678,59.026,2358.869,589.146,23.366,445.208
Brazil,2021,3.10E+12,209550291,16659.977,68.23,305.428,75.974,2553.401,600.632,24.488,498.017
Brazil,2022,3.19E+12,210306411,17333.797,56.078,319.935,60.085,2438.436,601.386,23.845,483.841
Brazil,2023,,211140731,17806.445,54.848,326.432,56.329,2381.904,611.426,24.963,486.47
Canada,1990,8.36E+11,27789436,108781.125,99.005,212.496,125.716,792.186,96.321,5.823,458.015
Canada,1991,8.20E+11,28157153,107826,103.905,200.273,125.377,757.784,98.099,4.771,449.756
Canada,1992,8.30E+11,28500065,109417.391,106.721,203.27,132.662,773.246,102.308,4.804,463.497
Canada,1993,8.54E+11,28830635,110924.656,98.808,206.551,137.763,761.381,103.986,4.893,464.16
Canada,1994,8.95E+11,29147382,113906.836,102.481,211.68,140.978,807.255,107.388,5.769,478.631
Canada,1995,9.21E+11,29459136,115464.414,104.309,214.36,148.261,794.423,111.106,6.529,491.414
Canada,1996,9.39E+11,29767210,117390.445,106.238,221.116,155.033,843.555,113.05,6.185,507.729
Canada,1997,9.82E+11,30059087,116831.453,113.044,229.102,153.691,821.875,115.629,6.657,522.022
Canada,1998,1.02E+12,30329968,114154.594,119.192,232.034,150.444,853.685,116.373,6.828,529.636
Canada,1999,1.08E+12,30599458,116807.078,119.515,234.96,162.93,882.135,116.547,7.118,543.866
Canada,2000,1.14E+12,30891800,118875.336,128.952,237.231,173.423,896.376,120.093,7.232,566.261
Canada,2001,1.16E+12,31213577,115218.68,126.48,241.069,165.5,921.271,120.26,6.983,558.36
Canada,2002,1.20E+12,31535580,117915.383,123.972,242.086,171.755,894.815,122.747,7.148,563.729
Canada,2003,1.22E+12,31836484,117365.117,123.102,257.945,174.245,918.316,121.623,7.248,580.792
Canada,2004,1.27E+12,32132680,118078.047,115.514,266.975,170.262,928.975,125.217,7.52,579.163
Canada,2005,1.31E+12,32440173,117744.773,116.624,260.961,169.2,905.439,123.625,7.614,572.855
Canada,2006,1.35E+12,32759174,115946.312,114.03,259.202,168.452,885.117,127.164,7.728,568.173
Canada,2007,1.38E+12,33092172,119158.602,118.821,265.861,180.77,898.929,125.632,7.731,591.889
Canada,2008,1.40E+12,33449089,116479.148,112.68,257.097,181.2,847.862,122.593,6.988,575.77
Canada,2009,1.36E+12,33826369,110665.805,93.362,253.423,174.223,788.939,116.307,5.364,542.811
Canada,2010,1.41E+12,34196901,110485.93,95.844,257.905,178.268,788.575,117.227,6.005,554.734
Canada,2011,1.45E+12,34555450,113449.32,86.835,259.433,193.976,846.7,118.035,6.02,563.32
Canada,2012,1.48E+12,34922512,112586.703,81.544,260.897,197.213,820.175,121.051,6.532,564.221
Canada,2013,1.51E+12,35293420,114051.086,79.249,260.549,204.25,838.992,121.8,5.973,568.854
Canada,2014,1.56E+12,35634265,113198.414,76.962,253.107,211.465,887.262,127.018,5.912,566.469
Canada,2015,1.57E+12,35962236,112484.586,73.719,254.034,213.612,857.683,125.83,6.185,565.644
Canada,2016,1.58E+12,36353345,110318.586,74.001,252.214,210.439,841.481,120.974,6.114,558.872
Canada,2017,1.63E+12,36808500,110470.539,73.401,255.803,216.781,855.191,123.052,6.863,569.603
Canada,2018,1.68E+12,37294997,110439.844,61.32,261.649,231.731,829.359,124.514,6.99,579.079
Canada,2019,1.71E+12,37782931,108410.719,58.777,263.306,234.935,837.691,124.018,7.195,582.025
Canada,2020,1.62E+12,38171901,100866.023,48.575,228.175,224.905,759.515,109.583,6.713,526.582
Canada,2021,1.70E+12,38454058,101349.102,45.795,237.083,230.942,773.065,113.759,7.379,540.312
Canada,2022,1.76E+12,38821260,103290.68,38.198,246.265,239.741,810.218,115.991,6.752,550.612
Canada,2023,,39299099,99916.398,36.769,248.853,237.269,800.006,109.381,6.752,549.299
China,1990,3.39E+12,1153582718,6880.663,1976.684,330.291,29.301,4209.336,1041.451,84.513,2484.855
China,1991,3.51E+12,1170788527,7122.351,2049.92,356.027,30.778,4305.831,1045.328,101.305,2606.096
China,1992,3.76E+12,1184574240,7411.395,2114.715,385.793,30.239,4440.297,1039.68,122.445,2730.788
China,1993,4.13E+12,1197308569,7908.675,2228.745,428.549,35.728,4595.828,1046.805,142.774,2921.651
China,1994,4.44E+12,1209003100,8323.468,2380.586,423.712,41.568,4897.836,1064.153,164.377,3103.739
China,1995,4.81E+12,1220133927,8498.712,2569.754,468.23,42.436,5172.046,1126.266,184.637,3361.637
China,1996,5.13E+12,1230944812,8880.126,2660.401,510.622,44.47,5353.583,1127.177,192.853,3508.818
China,1997,5.29E+12,1241139619,8871.482,2609.556,557.961,44.159,5312.637,1097.485,202.874,3515.594
China,1998,5.34E+12,1250847121,8822.785,2444.771,559.262,50.501,5180.109,1089.98,211.369,3364.587
China,1999,5.58E+12,1260176650,9069.433,2580.992,596.751,54.572,5332.926,1092.344,228.322,3557.275
China,2000,5.95E+12,1269581164,9334.936,2601.762,648.686,59.796,5307.824,1108.096,244.388,3649.227
China,2001,6.33E+12,1278725057,9797.812,2637.651,659.3,67.157,5318.595,1118.592,270.828,3728.51
China,2002,6.81E+12,1286866839,10602.087,3018.637,653.086,53.993,5664.255,1127.3,282.688,4103.046
China,2003,7.25E+12,1294517315,12273.32,3601.712,727.099,60.745,6456.585,1186.953,353.679,4841.119
China,2004,7.83E+12,1302100319,14272.745,3835.288,839.093,71.521,6943.841,1268.221,368.396,5217.351
China,2005,8.60E+12,1310027138,16114.158,4424.353,850.173,84.957,7667.986,1339.097,411.649,5882.106
China,2006,9.49E+12,1318054037,17552.789,4905.367,898.534,103.753,8351.435,1396.412,470.087,6494.331
China,2007,1.04E+13,1325813580,18955.223,5289.875,927.351,129.515,8862.956,1424.359,514.981,6983.547
China,2008,1.08E+13,1333821009,19561.799,5729.473,970.118,149.674,9405.909,1437.849,525.924,7501.498
China,2009,1.16E+13,1342522709,20281.068,6028.489,982.348,164.404,9828.306,1465.252,583.56,7891.078
China,2010,1.29E+13,1351561511,21551.547,6568.743,1092.571,199.585,10567.731,1524.504,639.592,8620.576
China,2011,1.37E+13,1360250657,23090.885,7309.709,1123.859,245.99,11587.158,1626.133,708.564,9532.332
China,2012,1.48E+13,1369520865,23873.199,7464.744,1176.712,277.599,11785.366,1625.214,714.782,9779.292
China,2013,1.59E+13,1379008046,24600.359,7493.408,1234.621,320.127,11976.409,1651.454,748.323,9956.329
China,2014,1.71E+13,1387951973,25071.705,7424.993,1255.605,370.222,12002.595,1670.111,770.284,9990.257
China,2015,1.83E+13,1396134164,25210.303,7266.92,1328.805,380.052,11932.706,1671.582,718.559,9863.457
China,2016,1.95E+13,1404052626,25164.398,7071.355,1357.838,421.726,11690.258,1621.114,740.776,9762.714
China,2017,2.09E+13,1412354742,25987.383,7163.255,1430.587,486.359,11935.866,1639.649,753.439,10006.343
China,2018,2.23E+13,1419008963,27104.984,7316.367,1500.474,575.369,12279.784,1677.521,765.836,10332.992
China,2019,2.36E+13,1423520354,28264.688,7523.024,1559.728,630.171,12614.095,1699.523,819.965,10713.984
China,2020,2.42E+13,1426106083,29119.828,7679.484,1523.052,676.473,12841.301,1732.467,849.976,10905.693
China,2021,2.62E+13,1426437276,30750.547,8141.342,1521.11,765.333,13427.619,1778.4,843.777,11447.913
China,2022,2.70E+13,1425179562,31220.076,8168.899,1489.342,760.059,13403.84,1864.384,756.02,11350.538
China,2023,,1422584937,33266.828,8550.844,1642.827,814.783,13968.915,1886.24,718.017,11902.503
Denmark,1990,1.51E+11,5141025,39256.695,24.005,23.179,4.35,70.667,10.594,0.775,53.464
Denmark,1991,1.54E+11,5154346,45141.34,32.57,24.279,4.917,81.249,10.816,0.993,64.093
Denmark,1992,1.58E+11,5171371,42148.238,27.133,23.614,5.167,75.607,10.852,1.129,58.315
Denmark,1993,1.59E+11,5188639,44534.789,28.451,23.991,5.851,75.873,11.002,1.143,60.562
Denmark,1994,1.68E+11,5206190,47576.793,30.578,25.157,6.546,80.787,10.796,1.168,64.661
Denmark,1995,1.74E+11,5233363,46534.887,25.6,26.017,7.574,77.571,10.751,1.243,61.641
Denmark,1996,1.81E+11,5263072,55153.883,35.137,28.356,8.909,91.21,10.752,1.313,74.887
Denmark,1997,1.88E+11,5285041,49834.898,26.15,27.134,9.375,81.616,10.772,1.312,65.425
Denmark,1998,1.93E+11,5304264,47875.398,22.219,26.386,10.186,76.068,10.646,1.39,61.226
Denmark,1999,2.00E+11,5321814,46251.039,18.672,26.252,10.711,73.444,10.448,1.355,58.642
Denmark,2000,2.08E+11,5339660,44286.531,15.657,25.36,10.64,70.407,10.45,1.385,54.296
Denmark,2001,2.11E+11,5358825,44250.59,16.558,25.603,11.105,71.465,10.727,1.388,55.886
Denmark,2002,2.14E+11,5375966,44017.227,16.537,25.315,11.096,70.526,10.531,1.416,55.544
Denmark,2003,2.16E+11,5390622,47297.211,22.573,24.392,11.214,76.118,10.442,1.33,60.638
Denmark,2004,2.23E+11,5404594,44621.559,17.281,24.07,11.154,72.317,10.295,1.459,55.093
Denmark,2005,2.29E+11,5419551,42973.391,14.602,23.883,10.69,68.279,10.269,1.363,51.527
Denmark,2006,2.39E+11,5437421,46809.781,22.006,24.228,10.882,75.209,10.215,1.395,59.492
Denmark,2007,2.43E+11,5461604,44418.504,18.422,24.166,9.738,71.884,10.255,1.407,54.698
Denmark,2008,2.43E+11,5493766,42682.66,16.134,23.314,9.826,68.413,10.058,1.155,51.246
Denmark,2009,2.33E+11,5523168,39954.535,15.784,22.292,9.412,65.434,9.739,0.764,48.84
Denmark,2010,2.38E+11,5547866,42511.805,15.351,21.943,10.555,68.705,10.019,0.672,49.179
Denmark,2011,2.43E+11,5570846,39629.48,12.915,20.912,8.972,61.041,9.769,0.862,44.227
Denmark,2012,2.43E+11,5591912,36644.371,10.078,19.951,8.404,56.944,9.626,0.871,39.853
Denmark,2013,2.46E+11,5615334,37633.344,12.755,19.572,7.929,60.077,10.174,0.867,41.755
Denmark,2014,2.50E+11,5643793,36024.77,10.143,19.082,6.81,54.582,10.122,0.887,37.565
Denmark,2015,2.55E+11,5683698,35044.344,7.242,19.47,6.905,52.924,10.415,0.932,35.102
Denmark,2016,2.64E+11,5728198,35326.188,8.413,19.75,7.009,54.982,10.634,1.095,36.906
Denmark,2017,2.71E+11,5765168,35380.039,6.253,19.916,6.676,53.165,10.707,1.194,34.652
Denmark,2018,2.77E+11,5793825,34702.457,6.362,19.968,6.483,52.676,10.838,1.16,34.602
Denmark,2019,2.81E+11,5814619,33825.047,3.588,19.686,6.023,49.045,10.951,1.129,30.942
Denmark,2020,2.75E+11,5831530,30294.584,3.166,18.582,4.798,46.301,10.83,1.227,28.294
Denmark,2021,2.88E+11,5856773,32358.58,4.207,18.759,4.877,47.465,10.786,1.21,29.588
Denmark,2022,2.99E+11,5902898,33537.797,4.164,19.148,3.542,46.298,10.876,1.073,28.432
Denmark,2023,,5948134,33078.332,2.766,19.319,3.602,45.218,10.829,1.073,27.265
Finland,1990,1.34E+11,4986574,64824.148,22.136,27.663,5.154,93.537,25.182,0.729,56.921
Finland,1991,1.26E+11,5013889,65968.766,21.392,26.813,5.384,89.008,25.076,0.569,55.195
Finland,1992,1.22E+11,5042147,65384.23,20.681,26.659,5.576,86.566,24.672,0.473,54.272
Finland,1993,1.21E+11,5066592,65627.883,23.405,25.609,5.823,90.546,24.691,0.361,56.32
Finland,1994,1.26E+11,5088454,68592.305,27.598,26.411,6.296,95.45,24.847,0.364,61.74
Finland,1995,1.32E+11,5107920,65141.621,24.661,25.595,6.51,91.378,23.874,0.378,58.122
Finland,1996,1.37E+11,5124716,67804.484,29.761,26.035,6.79,97.102,22.691,0.381,64.04
Finland,1997,1.45E+11,5139926,68557.32,28.501,26.019,6.647,98.262,23.427,0.45,62.703
Finland,1998,1.53E+11,5153548,70678.375,23.721,26.575,7.592,95.13,21.737,0.448,59.358
Finland,1999,1.60E+11,5165515,69141.266,23.039,26.726,7.572,98.086,23.261,0.479,58.874
Finland,2000,1.69E+11,5176198,69377,21.989,25.824,7.717,96.358,22.739,0.505,57.017
Finland,2001,1.74E+11,5187973,70719.578,26.129,26.447,8.391,103.839,23.112,0.504,62.521
Finland,2002,1.77E+11,5200549,70908.922,28.309,26.809,8.341,107.646,22.232,0.485,65.049
Finland,2003,1.80E+11,5212955,75758.367,35.018,26.925,9.231,117.552,22.841,0.467,72.658
Finland,2004,1.88E+11,5228144,75218.672,31.642,26.915,8.87,117.6,25.073,0.529,68.946
Finland,2005,1.93E+11,5246083,68155.336,21.041,26.364,8.124,104.573,22.52,0.542,57.064
Finland,2006,2.01E+11,5266247,72824.555,31.585,26.453,8.688,117.402,24.863,0.574,68.373
Finland,2007,2.12E+11,5288716,72265.938,30.349,26.646,8.118,112.913,19.962,0.605,66.764
Finland,2008,2.13E+11,5313381,69352.664,23.676,24.941,8.36,104.312,19.892,0.62,58.625
Finland,2009,1.96E+11,5338855,63925.77,22.9,24.198,7.501,99.086,19.601,0.385,55.92
Finland,2010,2.02E+11,5363347,69228.281,29.146,25.131,8.274,108.295,20.164,0.526,64.092
Finland,2011,2.07E+11,5388236,64942.777,24.084,23.766,7.254,99.943,19.764,0.558,56.647
Finland,2012,2.04E+11,5413978,62886.449,19.596,23.673,6.463,96.812,21.667,0.497,51.155
Finland,2013,2.02E+11,5439058,62843.996,21.36,22.841,6.064,96.985,20.656,0.482,51.719
Finland,2014,2.02E+11,5461686,60391.238,19.327,21.543,5.393,92.371,19.71,0.469,47.622
Finland,2015,2.03E+11,5479718,60022.977,16.843,21.386,4.724,88.243,18.53,0.462,44.192
Finland,2016,2.08E+11,5495469,60795.297,18.66,22.94,4.207,89.421,15.603,0.553,47.251
Finland,2017,2.15E+11,5508399,59405.816,17.089,22.214,3.887,88.048,14.619,0.604,44.657
Finland,2018,2.18E+11,5515732,60528.164,17.924,22.045,4.412,89.644,14.025,0.602,45.734
Finland,2019,2.20E+11,5521755,59219.324,15.252,21.657,4.309,87.362,13.489,0.583,42.442
Finland,2020,2.15E+11,5529617,56777.602,11.863,20.256,4.357,81.102,12.712,0.57,37.7
Finland,2021,2.22E+11,5541068,57919.223,12.646,19.541,4.327,83.426,12.056,0.623,37.798
Finland,2022,2.26E+11,5569299,57885.66,12.145,20.567,2.403,82.708,11.25,0.597,36.367
Finland,2023,,5601185,59896.703,8.834,18.704,2.851,79.206,10.611,0.597,31.622
France,1990,1.64E+12,56990239,46971.941,80.44,233.972,59.049,564.508,91.967,10.937,393.717
France,1991,1.65E+12,57271563,50033.805,85.989,245.485,66.698,611.886,91.649,10.386,417.859
France,1992,1.68E+12,57554865,50259.188,77.892,243.548,67.708,582.763,90.78,9.343,407.316
France,1993,1.67E+12,57801260,50021.062,63.036,239.495,67.874,542.568,89.625,8.592,387.699
France,1994,1.71E+12,57999868,49357.965,61.766,233.579,67.462,521.044,89.162,8.775,380.793
France,1995,1.75E+12,58192206,50577.844,62.935,236.348,68.639,517.262,89.163,8.635,385.81
France,1996,1.77E+12,58380637,52276.672,65.29,243.36,75.755,527.9,89.258,8.436,402.156
France,1997,1.82E+12,58568662,51274.414,61.266,240.95,75.041,505.816,88.324,8.111,394.845
France,1998,1.88E+12,58778817,52293.457,71.286,247.031,76.827,508.495,88.023,8.686,413.259
France,1999,1.95E+12,59084208,52748.922,66.37,247.611,80.664,497.546,87.827,8.386,412.021
France,2000,2.03E+12,59483716,53147.277,65.668,238.715,84.16,486.069,89.975,8.561,406.139
France,2001,2.08E+12,59905130,53258.633,56.01,248.684,88.274,483.233,89.813,8.655,410.445
France,2002,2.11E+12,60327247,52531.129,58.579,242.252,87.873,475.422,88.445,8.643,405.947
France,2003,2.13E+12,60741121,52789.781,59.184,244.12,91.564,480.439,87.194,8.556,411.965
France,2004,2.20E+12,61175243,52906.543,58.254,244.202,93.194,481.08,86.452,9.065,413.379
France,2005,2.24E+12,61625030,52124.855,62.071,241.28,94.908,480.763,85.606,9.108,415.795
France,2006,2.30E+12,62049831,51362.02,59.521,236.189,92.313,467.879,84.648,9.307,406.157
France,2007,2.35E+12,62432438,50151.977,61.413,226.863,89.18,459.152,84.603,9.478,396.01
France,2008,2.36E+12,62780187,49980.469,56.225,222.805,91.986,452.273,84.82,8.88,389.094
France,2009,2.30E+12,63106461,46847.41,45.205,218.919,90.679,432.272,83.14,7.679,370.876
France,2010,2.34E+12,63417366,48062.32,49.122,215.221,96.099,440.891,83.148,7.888,376.457
France,2011,2.39E+12,63733777,46149.176,42.131,208.439,87.628,415.609,80.798,8.065,354.375
France,2012,2.40E+12,64058465,45884.934,46.799,204.283,90.402,421.587,79.995,7.502,356.439
France,2013,2.41E+12,64387736,46169.375,49.56,203.476,91.016,429.351,79.921,7.3,358.703
France,2014,2.44E+12,64692495,43983.484,39.554,196.836,76.291,397.709,78.972,6.975,326.842
France,2015,2.46E+12,64916336,44229.48,38.043,198.718,81.258,404.058,77.569,6.606,331.49
France,2016,2.49E+12,65086852,43217.41,35.924,196.022,88.941,406.95,77.6,6.639,334.2
France,2017,2.55E+12,65284775,42948.914,39.939,194.975,89.163,420.275,77.388,6.483,337.101
France,2018,2.60E+12,65519539,43389.094,35.138,188.516,84.658,395.309,77.368,6.701,321.94
France,2019,2.64E+12,65729460,42384.668,29.451,186.42,85.921,384.757,75.042,6.807,315.015
France,2020,2.44E+12,65905273,37859.246,23.937,164.503,80.005,347.789,72.295,6.197,280.49
France,2021,2.60E+12,66083547,40191.641,30.505,178.538,84.289,372.31,71.252,6.495,305.607
France,2022,2.67E+12,66277412,35566.758,25.994,179.441,76.353,356.965,70.111,6.397,293.502
France,2023,,66438828,37164.297,19.636,174.553,66.651,334.278,67.723,6.397,272.476
Germany,1990,2.02E+12,79707964,52823.883,569.117,333.324,122.281,1239.971,151.419,15.297,1054.796
Germany,1991,2.14E+12,80303189,51259.914,504.043,355.311,130.146,1195.369,144.657,13.741,1016.93
Germany,1992,2.20E+12,80934901,49988.609,454.311,357.981,129.3,1141.427,136.858,14.444,969.464
Germany,1993,2.21E+12,81486770,49538.949,430.776,364.629,136.252,1123.537,131.406,14.531,959.386
Germany,1994,2.28E+12,81773612,48888.086,418.185,353.812,142.15,1112.542,127.507,15.341,943.228
Germany,1995,2.35E+12,82019890,48996.98,406.046,351.7,152.97,1109.631,125.756,15.562,939.934
Germany,1996,2.39E+12,82263195,50501.871,400.613,361.057,169.956,1126.448,122.739,14.811,959.69
Germany,1997,2.46E+12,82389631,49771.383,386.864,353.069,162.876,1086.017,118.067,15.275,931.508
Germany,1998,2.54E+12,82011933,49305.879,377.48,351.914,165.377,1055.215,113.085,15.545,923.499
Germany,1999,2.61E+12,81678279,48598.668,360.052,340.846,165.627,1020.397,109.713,15.771,895.442
Germany,2000,2.72E+12,81797255,48903.699,373.461,330.774,166.421,1018.299,105.166,15.253,898.976
Germany,2001,2.79E+12,81933883,49841.387,376.52,338.871,173.799,1029.552,100.988,13.504,915.255
Germany,2002,2.82E+12,82068328,49257.789,375.786,324.413,173.61,1012.541,98.229,12.823,898.834
Germany,2003,2.83E+12,82111619,49300.902,378.305,313.847,176.587,1008.919,95.747,13.507,894.501
Germany,2004,2.89E+12,82092706,49342.406,374.908,301.208,174.327,989.282,92.884,14.068,876.57
Germany,2005,2.95E+12,82046731,48793.613,361.975,305.188,175.904,978.504,90.885,13.05,867.881
Germany,2006,3.09E+12,81701971,50043.066,367.653,313.191,180.197,994.823,87.773,13.34,886.434
Germany,2007,3.22E+12,81298546,47958.113,376.715,268.924,173.851,953.408,86.156,14.449,846.116
Germany,2008,3.29E+12,81110781,48446.047,353.581,296.43,180.995,961.201,84.776,13.579,856.607
Germany,2009,3.14E+12,80935275,45436.254,316.28,282.438,168.399,888.503,81.328,12.559,789.951
Germany,2010,3.30E+12,80830917,47305.836,341.311,277.154,184.875,925.756,80.546,12.431,826.68
Germany,2011,3.47E+12,80857877,45571.484,339.624,270.809,169.399,900.073,79,13.393,804.514
Germany,2012,3.48E+12,80916393,46132.684,350.039,271.945,167.837,910.597,78.457,13.289,814.09
Germany,2013,3.50E+12,81041580,47361.52,357.254,280.396,170.267,929.62,77.654,12.503,831.743
Germany,2014,3.57E+12,81376078,45327.605,344.722,271.602,151.986,889.393,76.622,12.905,792.579
Germany,2015,3.63E+12,82077546,46066.906,341.117,278.861,157.11,894.566,75.533,12.626,800.844
Germany,2016,3.71E+12,82760100,46658.379,329.436,275.703,169.169,890.756,73.409,12.663,798.014
Germany,2017,3.81E+12,83104012,47057.949,312.692,275.505,172.045,875.441,72.975,13.408,784.594
Germany,2018,3.85E+12,83368506,45691.598,296.871,269.351,169.76,845.216,70.091,13.228,760.046
Germany,2019,3.89E+12,83559185,44436.824,240.114,273.111,172.762,793.775,67.37,13.287,709.827
Germany,2020,3.74E+12,83628711,41328.738,198.53,255.645,170.963,729.728,65.473,13.357,648.357
Germany,2021,3.84E+12,83697082,42496.609,232.149,241.585,181.116,759.036,64.893,13.64,678.777
Germany,2022,3.91E+12,84086228,40938.07,240.64,247.44,160.776,747.968,63.261,12.538,671.472
Germany,2023,,84548234,38052.27,188.477,231.622,155.461,670.626,61.377,10.604,596.151
India,1990,1.75E+12,864972219,2643.11,366.514,158.167,21.097,1528.087,682.595,22.348,577.996
India,1991,1.77E+12,883927607,2730.958,393.043,166.423,23.563,1570.433,692.462,24.503,615.365
India,1992,1.85E+12,902957072,2812.742,411.414,188.055,27.256,1636.726,699.35,25.156,655.447
India,1993,1.94E+12,922118380,2824.25,433.121,186.879,26.996,1648.045,700.166,26.602,677.299
India,1994,2.06E+12,941163775,2916.78,455.72,198.955,28.997,1685.871,707.689,28.54,714.064
India,1995,2.19E+12,960301048,3072.884,471.723,216.281,39.051,1725.007,718.587,31.104,760.462
India,1996,2.35E+12,979678464,3134.029,504.498,243.16,39.747,1820.73,727.114,34.079,823.621
India,1997,2.43E+12,999133765,3244.433,527.722,244.202,46.024,1847.006,737.115,37.418,858.011
India,1998,2.57E+12,1018665073,3377.11,524.125,262.892,47.595,1871.34,742.405,39.026,875.772
India,1999,2.71E+12,1038225821,3408.325,560.528,300.976,52.619,1959.661,748.887,44.592,960.763
India,2000,2.80E+12,1057922728,3515.744,572.876,312.847,52.791,2015.877,751.86,45.957,986.445
India,2001,2.94E+12,1077898572,3467.075,582.081,316.721,53.128,2017.087,757.557,46.74,1000.527
India,2002,3.02E+12,1097600381,3524.322,598.597,325.22,57.609,2019.948,753.157,49.111,1032.14
India,2003,3.25E+12,1116802997,3587.485,625.89,330.615,58.565,2085.137,766.618,50.88,1067.737
India,2004,3.50E+12,1135991510,3830.667,669.968,348.234,58.316,2162.884,778.156,55.545,1133.828
India,2005,3.75E+12,1154676319,3991.22,721.469,352.376,59.357,2243.356,796.301,59.687,1194.592
India,2006,4.07E+12,1172878890,4141.057,773.564,369.694,82.58,2363.338,808.801,64.905,1292.485
India,2007,4.40E+12,1190676028,4428.845,842.477,391.897,87.956,2515.728,826.853,68.333,1392.506
India,2008,4.65E+12,1207930962,4621.171,910.795,413.233,90.277,2661.096,842.577,73.245,1489.437
India,2009,4.99E+12,1225524760,4896.744,983.947,432.66,112.463,2767.514,846.518,81.268,1612.216
India,2010,5.36E+12,1243481564,5038.898,1015.983,439.5,134.121,2871.956,856.15,86.029,1677.337
India,2011,5.72E+12,1261224952,5241.937,1074.385,460.104,136.26,2968.743,867.948,91.314,1764.712
India,2012,6.05E+12,1278674506,5452.142,1206.452,489.814,125.605,3151.704,870.109,100.237,1925.7
India,2013,6.42E+12,1295829506,5560.02,1276.383,496.94,110.689,3137.217,844.152,107.82,1995.098
India,2014,6.88E+12,1312277184,5862.708,1407.057,512.465,109.467,3246.826,852.537,115.825,2148.344
India,2015,7.39E+12,1328024492,5994.315,1449.587,556.117,106.871,3325.531,860.389,117.508,2234.219
India,2016,8.06E+12,1343944293,6189.113,1499.401,614.597,113.622,3419.055,867.525,123.281,2354.658
India,2017,8.55E+12,1359657392,6351.181,1551.256,632.558,118.922,3486.594,876.481,121.047,2426.607
India,2018,9.17E+12,1374659068,6638.485,1668.318,657.084,126.201,3682.077,891.333,138.965,2593.058
India,2019,9.60E+12,1389030303,6736.512,1661.94,676.154,128.676,3692.7,891.979,143.664,2612.888
India,2020,8.95E+12,1402617692,6322.297,1561.799,606.045,127.994,3515.709,898.078,122.908,2421.552
India,2021,9.80E+12,1414203889,6809.693,1767.297,621.928,133.192,3781.196,919.331,149.033,2674.222
India,2022,1.05E+13,1425423212,7129.11,1855.854,684.057,124.009,3953.229,933.884,164.323,2831.166
India,2023,,1438069597,7586.2,2032.012,717.799,132.42,4196.449,940.655,177.226,3062.324
Indonesia,1990,7.19E+11,183501097,3294.792,6.947,87.271,44.064,1073.236,192.637,7.719,155.081
Indonesia,1991,7.86E+11,186778237,3522.519,13.52,97.702,43.494,1109.82,201.618,9.087,174.865
Indonesia,1992,8.42E+11,190043743,3801.794,12.509,112.95,52.373,1336.14,213.012,9.777,199.419
Indonesia,1993,9.13E+11,193305171,3983.798,21.31,112.763,57.66,1257.568,216.533,10.775,215.109
Indonesia,1994,9.86E+11,196591830,4102.256,26.648,108.934,60.309,1473.804,224.298,12.538,219.372
Indonesia,1995,1.07E+12,199888054,4392.264,25.175,109.715,64.574,1426.572,228.374,13.312,222.41
Indonesia,1996,1.16E+12,203204352,4633.902,27.561,121.308,78.992,1498.428,239.637,14.266,253.065
Indonesia,1997,1.22E+12,206536090,4948.957,29.389,140.549,82.042,3300.689,244.82,16.01,279.941
Indonesia,1998,1.07E+12,209826791,4789.716,32.075,141.038,48.028,1644.332,239.478,13.077,244.523
Indonesia,1999,1.08E+12,213004666,5151.666,37.167,148.101,83.652,1696.185,238.951,14.082,292.001
Indonesia,2000,1.14E+12,216077791,5435.159,50.906,156.816,48.592,1386.973,240.466,16.446,281.33
Indonesia,2001,1.19E+12,219097906,5740.15,64.629,164.07,61.163,1373.52,242.127,18.462,317.027
Indonesia,2002,1.24E+12,222088499,5816.885,66.665,156.843,59.764,1588.074,243.357,18.137,308.486
Indonesia,2003,1.31E+12,225048004,6226.767,89.49,162.447,62.662,1289.581,246.447,17.811,339.357
Indonesia,2004,1.39E+12,227926647,6089.472,82.216,173.895,61.886,1384.788,249.952,19.047,343.022
Indonesia,2005,1.47E+12,230871649,6188.735,94.222,174.754,54.451,1316.794,254.189,18.527,347.617
Indonesia,2006,1.57E+12,233951650,6213.201,111.641,152.499,57.426,1893.063,265.866,19.047,346.633
Indonesia,2007,1.67E+12,237062339,6581.411,140.066,166.225,57.078,1285.663,269.741,19.567,387.858
Indonesia,2008,1.81E+12,240157901,6571.27,121.845,158.303,60.313,1322.041,276.128,20.542,365.718
Indonesia,2009,1.91E+12,243220024,6665.187,128.274,181.26,64.541,1705.499,289.606,19.437,398.942
Indonesia,2010,2.04E+12,246305326,7123.851,152.667,195.674,73.73,1562.408,298.504,19.461,445.806
Indonesia,2011,2.18E+12,249470029,7431.696,181.281,211.329,81.553,1772.318,338.643,21.1,500.725
Indonesia,2012,2.31E+12,252698526,7576.405,187.171,218.777,80.062,1848.377,350.268,23.294,515.954
Indonesia,2013,2.44E+12,255852466,7145.67,164.219,229.408,64.753,1803.486,348.375,24.775,489.055
Indonesia,2014,2.56E+12,258877397,7179.497,173.584,220.593,62.416,2082.551,357.85,25.534,487.89
Indonesia,2015,2.68E+12,261799249,7202.464,197.815,217.063,94.253,2499.634,348.702,24.558,539.149
Indonesia,2016,2.82E+12,264627428,7243.88,206.328,208.773,91.185,1734.726,351.554,28.71,540.086
Indonesia,2017,2.96E+12,267346655,7439.383,221.093,218.16,84.339,1714.377,372.412,28.966,556.944
Indonesia,2018,3.12E+12,269951847,8056.51,262.222,212.953,84.148,1782.69,403.493,30.832,594.101
Indonesia,2019,3.27E+12,272489379,8530.325,315.401,216.541,87.91,2103.968,415.455,30.156,653.792
Indonesia,2020,3.20E+12,274814864,7959.13,300.518,196.666,81.217,1682.395,399.503,26.297,608.223
Indonesia,2021,3.32E+12,276758056,8087.771,303.154,202.298,83.76,1648.61,400.657,27.262,619.622
Indonesia,2022,3.50E+12,278830529,10132.153,404.573,216.563,85.931,1817.063,429.364,26.843,737.073
Indonesia,2023,,281190068,10116.714,399.051,215.932,88.657,1921.864,420.777,26.004,733.224
Italy,1990,1.48E+12,57031457,32681.436,69.58,254.822,88.992,501.581,63.857,15.846,438.207
Italy,1991,1.51E+12,57075393,33685.176,65.966,252.3,94.755,496.824,63.114,15.692,437.741
Italy,1992,1.53E+12,57124992,33524.938,58.065,259.919,94.458,492.028,61.148,16.427,437.936
Italy,1993,1.53E+12,57170761,32795.352,52.079,257.998,96.872,482.68,59.9,14.065,430.267
Italy,1994,1.57E+12,57420136,32712.924,54.772,254.221,92.794,475.895,60.782,13.791,424.506
Italy,1995,1.63E+12,57403344,34040.48,58.417,262.968,102.913,504.65,60.782,15.31,448.595
Italy,1996,1.66E+12,57162098,34021.668,53.524,260.652,106.19,498.564,61.7,13.988,442.842
Italy,1997,1.71E+12,57189272,34593.875,54.146,261.585,109.923,514.545,62.447,14.233,448.57
Italy,1998,1.74E+12,57215190,35381.559,54.867,264.364,118.555,536.732,61.618,14.538,460.823
Italy,1999,1.78E+12,57240797,36375.102,53.94,259.46,129.051,534.766,61.856,15.277,465.506
Italy,2000,1.86E+12,57272200,36851.285,56.032,254.695,134.813,537.012,63.088,15.862,469.597
Italy,2001,1.91E+12,57305758,36802.125,59.024,250.894,135.107,528.677,59.551,16.394,469.678
Italy,2002,1.93E+12,57420635,36481.184,60.016,256.777,135.865,533.687,60.425,16.289,477.105
Italy,2003,1.95E+12,57739696,37436.27,65.126,255.078,149.024,552.596,58.991,16.938,495.092
Italy,2004,1.99E+12,58176735,37979.512,72.217,247.92,154.662,554.147,56.611,17.408,500.686
Italy,2005,2.03E+12,58519697,37805.059,71.265,238.521,165.66,551.274,56.217,17.403,501.364
Italy,2006,2.09E+12,58754433,37481.961,70.787,236.561,162.585,537.848,55.346,17.474,495.937
Italy,2007,2.13E+12,59108723,36549.078,70.675,229.103,163.512,543.441,55.31,17.914,489.653
Italy,2008,2.13E+12,59561686,35659.477,68.139,218.698,167.142,523.058,54.675,16.127,478.126
Italy,2009,2.03E+12,59904016,33102.941,52.388,198.109,154.034,472.107,54.126,13.341,424.061
Italy,2010,2.08E+12,60164212,34046.293,58.218,193.381,164.347,477.711,54.039,13.276,435.71
Italy,2011,2.11E+12,60367882,33284.145,65.439,186.073,153,467.721,50.664,12.583,423.894
Italy,2012,2.05E+12,60531522,32295.604,66.959,172.424,147.714,438.87,51.312,10.071,403.441
Italy,2013,2.01E+12,60653865,30816.119,57.782,158.978,137.701,406.346,50.018,8.877,369.475
Italy,2014,2.01E+12,60664169,29214.83,55.837,157.755,121.589,383.495,48.137,8.339,349.4
Italy,2015,2.03E+12,60575314,30129.141,53.063,161.536,132.756,397.89,47.319,8.196,361.254
Italy,2016,2.05E+12,60478103,30305.607,48.302,156.137,140.792,396.291,46.34,7.68,358.144
Italy,2017,2.09E+12,60390317,30716.617,41.798,148.862,148.758,392.25,47.565,7.711,352.679
Italy,2018,2.11E+12,60277496,30957.242,39.214,152.852,143.672,403.988,47.058,7.757,349.062
Italy,2019,2.12E+12,60130136,30464.064,30.483,148.587,146.769,391.391,46.367,7.912,339.634
Italy,2020,1.93E+12,59912763,27763.803,22.129,127.651,140.816,351.234,45.322,7.059,302.602
Italy,2021,2.06E+12,59729354,29854.949,24.566,147.039,151.364,384.792,44.447,7.919,335.978
Italy,2022,2.14E+12,59619106,29104.418,31.376,157.949,137.601,389.478,43.966,7.919,340.672
Italy,2023,,59499452,28051.859,21.872,155.899,121.943,361.999,43.001,7.919,313.461
Japan,1990,3.70E+12,123399767,41914.781,318.767,671.548,116.917,1230.843,58.686,38.701,1157.393
Japan,1991,3.82E+12,123889870,43228.301,318.635,673.907,125.064,1244.158,58.306,40.347,1169.093
Japan,1992,3.86E+12,124383707,43604.055,313.007,687.491,126.491,1253.12,57.54,41.666,1178.892
Japan,1993,3.86E+12,124839954,44213.789,318.422,672.881,129.389,1242.707,56.719,41.224,1171.892
Japan,1994,3.89E+12,125286862,45703.57,326.205,712.947,135.69,1304.646,56.616,42.297,1226.893
Japan,1995,4.00E+12,125672659,47131.613,336.139,710.223,140.649,1308.562,54.985,42.142,1239.195
Japan,1996,4.12E+12,125975305,47956.695,344.945,707.765,146.434,1322.667,52.911,42.56,1251.695
Japan,1997,4.16E+12,126265926,48774.598,350.478,692.896,151.069,1313.218,50.382,39.926,1244.395
Japan,1998,4.11E+12,126549181,47896.113,328.119,677.016,154.61,1271.017,47.49,35.363,1204.594
Japan,1999,4.10E+12,126801566,48548.125,346.12,686.568,163.856,1297.507,46.05,35.01,1241.195
Japan,2000,4.21E+12,127027796,49314.926,372.971,677.303,168.728,1324.316,44.778,35.086,1263.993
Japan,2001,4.22E+12,127260144,48681.129,382.016,655.581,167.865,1298.719,43.23,34.374,1249.393
Japan,2002,4.23E+12,127484599,48435.285,399.142,666.48,171.773,1321.266,42.203,32.417,1278.995
Japan,2003,4.29E+12,127671255,48335.68,412.504,656.529,177.168,1328.098,41.371,31.935,1287.495
Japan,2004,4.38E+12,127815770,48931.176,420.467,645.38,176.08,1318.803,41.031,31.276,1282.895
Japan,2005,4.45E+12,127913331,49706.562,430.874,642.359,174.702,1328.494,40.462,32.28,1290.296
Japan,2006,4.51E+12,127997248,49536.465,427.99,605.588,191.339,1312.631,40.105,31.991,1267.295
Japan,2007,4.59E+12,128087684,49017.004,445.459,608.164,207.774,1342.968,40.18,30.658,1302.996
Japan,2008,4.54E+12,128155991,48084.367,426.743,563.407,203.313,1272.125,38.769,28.553,1232.196
Japan,2009,4.30E+12,128192471,43881.684,411.9,516.483,201.07,1197.259,37.415,25.308,1163.393
Japan,2010,4.48E+12,128185273,46709.957,446.507,522.307,212.062,1250.038,37.588,24.321,1214.798
Japan,2011,4.47E+12,128096431,44288.176,430.97,552.861,246.731,1301.284,36.474,24.983,1264.797
Japan,2012,4.53E+12,127928283,43924.301,450.458,564.639,255.914,1343.008,35.573,25.625,1305.998
Japan,2013,4.62E+12,127723641,43669.051,481.655,541.959,255.328,1354.839,35.429,26.805,1315.298
Japan,2014,4.63E+12,127486600,42605.559,473.225,497.145,257.329,1304.437,34.227,26.557,1263.806
Japan,2015,4.71E+12,127275868,42152.383,466.243,476.886,245.234,1263.848,33.483,25.936,1223.199
Japan,2016,4.74E+12,127159949,41699.695,457.145,460.518,250.763,1241.284,32.914,25.969,1203.184
Japan,2017,4.82E+12,127064685,42275.172,459.108,448.259,244.803,1228.456,32.85,26.429,1187.484
Japan,2018,4.85E+12,126913433,42109.379,442.511,431.787,233.268,1185.511,32.156,26.183,1142.481
Japan,2019,4.83E+12,126699422,41382.203,432.809,415.812,223.405,1146.365,31.572,25.328,1105.478
Japan,2020,4.63E+12,126304536,38526.551,399.497,387.124,221.932,1082.978,31.029,24.49,1040.483
Japan,2021,4.73E+12,125679341,40425.16,427.989,390.515,211.002,1105.844,30.82,24.396,1061.905
Japan,2022,4.77E+12,124997586,40377.672,417.193,384.784,199.73,1075.8,30.554,23.157,1032.687
Japan,2023,,124370947,39209.965,393.898,377.727,188.445,1031.62,30.039,20.71,988.785
Mexico,1990,8.24E+11,82820171,16141.271,15.895,235.642,52.923,652.324,135.201,10.439,316.746
Mexico,1991,8.65E+11,84430563,16288.587,15.51,246.532,55.268,618.023,136.422,10.649,329.827
Mexico,1992,9.02E+11,86044810,16284.947,14.806,248.72,55.612,601.656,135.779,11.425,332.453
Mexico,1993,9.25E+11,87653815,15988.583,18.203,249.797,55.066,607.033,140.174,12.044,337.722
Mexico,1994,9.73E+11,89259202,16584.426,20.247,258.052,56.902,630.924,140.483,13.526,351.534
Mexico,1995,9.16E+11,90862449,15998.046,22.266,237.244,56.92,616.124,142.18,10.796,330.905
Mexico,1996,9.71E+11,92452701,16125.593,25.197,236.842,62.745,623.593,145.787,12.052,341.544
Mexico,1997,1.05E+12,94021205,16233.623,25.574,252.202,65.772,663.638,152.366,12.689,362.462
Mexico,1998,1.11E+12,95575245,16610.916,26.267,264.274,71.088,690.308,155.403,13.206,381.102
Mexico,1999,1.16E+12,97115711,16578.275,26.003,271.403,69.803,686.937,152.294,13.671,386.04
Mexico,2000,1.24E+12,98625554,17300.664,26.7,263.874,81.202,700.851,155.991,14.281,391.439
Mexico,2001,1.25E+12,100099100,16898.289,30.638,275.577,82.887,706.851,154.654,13.813,407.485
Mexico,2002,1.28E+12,101548627,17044.275,34.701,265.359,92.171,707.887,155.715,14.343,410.301
Mexico,2003,1.31E+12,102978518,16996.574,42.458,273.195,101.903,737.304,160.183,14.439,435.969
Mexico,2004,1.37E+12,104394132,17731.264,37.882,276.736,105.647,733.888,159.727,15.135,438.588
Mexico,2005,1.43E+12,105811502,19153.719,46.808,291.123,105.516,760.861,162.196,16.462,463.432
Mexico,2006,1.51E+12,107253666,19171.469,50.288,284.689,117.937,779.744,166.995,17.593,474.519
Mexico,2007,1.57E+12,108774357,19098.814,45.84,286.649,117.274,773.291,169.142,18.82,473.595
Mexico,2008,1.61E+12,110374285,19633.797,40.784,288.397,118.567,774.599,172.791,18.512,472.981
Mexico,2009,1.54E+12,111999721,19065.637,40.813,272.741,123.433,760.482,171.246,17.739,460.294
Mexico,2010,1.64E+12,113623897,18887.48,51.054,259.679,124.122,757.928,171.044,16.857,456.409
Mexico,2011,1.72E+12,115243504,19464.541,56.041,272.512,130.707,787.249,174.144,17.668,483.302
Mexico,2012,1.78E+12,116818209,19367.398,49.223,290.158,135.727,803.87,171.306,18.331,501.489
Mexico,2013,1.80E+12,118343571,19122.215,49.977,277.695,142.277,798.163,172.957,17.367,495.415
Mexico,2014,1.85E+12,119784263,18782.85,48.944,269.275,138.503,785.218,172.119,18.19,484.045
Mexico,2015,1.92E+12,121072310,18355.58,44.114,258.874,147.977,774.545,172.008,19.074,479.434
Mexico,2016,1.96E+12,122251345,18543.551,47.621,251.592,151.455,750.356,172.1,19.637,478.828
Mexico,2017,2.01E+12,123400054,18668.822,48.53,245.84,143.251,738.97,171.501,19.662,464.406
Mexico,2018,2.05E+12,124573714,18266.324,47.313,228.842,165.521,737.084,172.716,19.376,468.413
Mexico,2019,2.05E+12,125762977,17919.082,45.268,238.026,157.1,779.878,173.752,19.411,468.236
Mexico,2020,1.88E+12,126799052,16205.912,33.705,204.105,160.951,728.287,175.425,19.338,428.94
Mexico,2021,1.97E+12,127648152,17172.896,29.22,219.977,165.839,737.827,176.917,19.561,446.834
Mexico,2022,2.03E+12,128613113,17827.531,35.958,235.344,164.588,757.483,180.974,18.79,465.336
Mexico,2023,,129739764,18279.035,38.865,238.041,176.579,777.871,181.861,18.816,482.623
Norway,1990,1.25E+11,4241438,116210.516,3.687,20.245,7.498,57.646,15.543,0.634,35.003
Norway,1991,1.33E+11,4261618,107137.312,3.262,19.444,7.824,56.118,16.35,0.592,33.458
Norway,1992,1.42E+11,4286256,111561.07,3.291,19.745,8.332,57.766,17.357,0.653,34.394
Norway,1993,1.50E+11,4311865,113767.695,3.699,20.124,8.716,61.277,17.87,0.838,35.938
Norway,1994,1.63E+11,4336467,109616.195,4.066,20.87,9.42,67.936,19.275,0.845,37.853
Norway,1995,1.75E+11,4358991,116846.477,4.137,21.307,9.393,68.018,20.315,0.875,38.458
Norway,1996,1.89E+11,4381137,106633.719,4.137,23.379,10.114,70.808,22.045,0.863,41.524
Norway,1997,2.05E+11,4404986,111228.805,4.21,23.034,10.548,71.364,22.599,0.922,41.625
Norway,1998,2.17E+11,4431307,115034.969,4.415,23.739,9.857,70.546,22.015,0.9,41.818
Norway,1999,2.28E+11,4461788,117792.648,4.4,24.271,9.611,71.543,22.146,0.892,42.591
Norway,2000,2.43E+11,4490866,129848.781,4.322,22.334,11.036,72.012,23.514,0.89,42.11
Norway,2001,2.55E+11,4513652,115010.516,3.937,23.319,12.125,74.094,24.168,0.853,43.498
Norway,2002,2.67E+11,4538014,119741.156,3.432,23.311,12.297,73.967,25.094,0.875,42.553
Norway,2003,2.78E+11,4564666,105128.766,3.283,24.372,13.016,76.443,26.02,0.904,43.9
Norway,2004,2.98E+11,4591740,105938.367,3.668,24.036,13.589,77.042,26.276,0.716,44.236
Norway,2005,3.15E+11,4623119,120724.852,3.317,23.631,13.421,75.11,25.077,0.78,43.263
Norway,2006,3.32E+11,4660485,109650,2.746,24.733,13.595,75.335,25.127,0.805,43.842
Norway,2007,3.53E+11,4709017,117573.5,3.108,24.38,13.915,77.454,25.375,0.869,45.588
Norway,2008,3.65E+11,4768099,117797.914,3.228,23.611,14.085,76.602,25.759,0.833,44.675
Norway,2009,3.70E+11,4828624,106894.383,2.321,23.135,14.787,74.049,25.036,0.842,43.081
Norway,2010,3.84E+11,4889160,102078.367,3.05,24.515,15.04,75.98,24.299,0.754,45.621
Norway,2011,3.99E+11,4952968,101829.039,3.2,24.293,14.359,73.852,22.995,0.749,44.747
Norway,2012,4.10E+11,5018456,111948.297,3.173,24.262,14.076,72.446,22.019,0.725,44.228
Norway,2013,4.14E+11,5080125,103150.648,3.24,24.526,13.902,72.562,21.448,0.731,44.516
Norway,2014,4.23E+11,5137397,105662.383,3.472,24.081,14.645,73.256,21.35,0.727,44.958
Norway,2015,4.31E+11,5189776,106003.852,3.359,23.877,15.506,75.015,22.265,0.672,45.494
Norway,2016,4.36E+11,5235977,106657.969,3.477,23.364,15.142,74.205,22.227,0.684,44.678
Norway,2017,4.47E+11,5276806,106317.938,3.579,22.706,15.486,74.572,22.669,0.766,44.165
Norway,2018,4.50E+11,5311751,104010.867,3.461,23.311,15.311,74.246,22.102,0.73,44.405
Norway,2019,4.55E+11,5347735,96623.469,3.479,22.045,15.031,71.832,20.918,0.722,42.793
Norway,2020,4.49E+11,5379274,103599.203,3.535,21.305,14.302,71.16,21.849,0.725,41.231
Norway,2021,4.67E+11,5408081,105215.008,3.636,22.054,13.387,72.23,22.477,0.699,41.028
Norway,2022,4.82E+11,5456795,98027.531,3.677,22.15,12.915,72.43,22.819,0.71,40.808
Norway,2023,,5519166,101031.672,4.123,21.346,10.913,70.912,22.931,0.603,38.901
Russian Federation,1990,1.83E+12,148979538,68079.156,754.207,888.24,788.193,3406.328,537.094,34.609,2536.248
Russian Federation,1991,1.78E+12,149448434,66946.992,705.395,844.452,754.959,3244.497,514.678,32.837,2406.756
Russian Federation,1992,1.56E+12,148915993,64323.957,521.601,585.385,774.35,2695.619,481.473,26.717,1966.505
Russian Federation,1993,1.45E+12,148135419,59901.234,507.516,509.992,781.669,2471.992,456.843,21.995,1866.729
Russian Federation,1994,1.30E+12,148200736,54683.012,454.67,406.8,732.937,2249.906,426.241,16.475,1647.665
Russian Federation,1995,1.27E+12,148291405,51845.484,479.041,386.793,699.582,2107.94,409.42,16.646,1619.727
Russian Federation,1996,1.26E+12,148084580,50010.332,477.466,361.332,699.775,2490.945,390.116,12.723,1586.822
Russian Federation,1997,1.30E+12,147853772,47390.879,411.997,352.956,669.233,1987.878,370.158,12.273,1482.245
Russian Federation,1998,1.26E+12,147635542,47388.211,400.631,345.571,673.399,1898.417,361.879,11.923,1465.253
Russian Federation,1999,1.38E+12,147241973,48097.676,407.464,350.395,686.577,1966.774,364.022,13.173,1494.179
Russian Federation,2000,1.55E+12,146717784,49127.297,427.01,317.516,681.631,1885.174,368.456,15.113,1479.142
Russian Federation,2001,1.66E+12,146117290,50112.773,445.476,323.3,693.223,1858.48,375.43,15.863,1515.647
Russian Federation,2002,1.78E+12,145939502,50130.184,424.116,314.772,702.703,1840.283,378.316,17.116,1506.788
Russian Federation,2003,1.96E+12,145794231,51387.617,425.963,308.711,735.376,1948.089,393.266,18.666,1537.018
Russian Federation,2004,2.14E+12,145180094,52053.328,416.376,309.318,743.405,1999.549,395.857,20.915,1543.957
Russian Federation,2005,2.33E+12,144597888,52182.891,417.916,320.02,746.183,1963.805,401.463,22.256,1562.577
Russian Federation,2006,2.58E+12,144102949,54674.262,437.859,335.529,766.955,2101.988,407.266,24.545,1623.002
Russian Federation,2007,2.86E+12,143859769,55047.945,423.047,326.463,779.354,2103.189,414.111,27.645,1623.781
Russian Federation,2008,3.08E+12,143811835,55313.555,451.93,343.698,779.724,2156.937,420.304,23.625,1652.064
Russian Federation,2009,2.90E+12,143869130,52542.598,419.075,323.009,732.688,2121.339,406.172,19.746,1545.034
Russian Federation,2010,3.11E+12,143934468,54552.457,419.276,333.87,794.593,2441.981,427.443,22.723,1632.783
Russian Federation,2011,3.31E+12,144043751,56363.645,430.352,346.176,817.72,2218.148,436.187,25.129,1685.91
Russian Federation,2012,3.44E+12,144291024,56592.629,445.326,353.791,807.072,2521.217,443.809,26.332,1701.268
Russian Federation,2013,3.50E+12,144604102,55798.141,408.194,357.04,782.85,2351.991,446.266,27.281,1640.437
Russian Federation,2014,3.53E+12,144925638,55846.121,397.222,385.79,775.338,2249.938,447.485,26.453,1639.959
Russian Federation,2015,3.46E+12,145307611,54818.855,417.405,408.673,739.506,2484.872,452.621,23.171,1638.675
Russian Federation,2016,3.46E+12,145778669,55724.008,405.877,403.595,753.005,2468.242,462.751,20.432,1634.885
Russian Federation,2017,3.53E+12,146186800,55933.996,389.27,417.49,780.664,2461.815,480.488,20.512,1666.121
Russian Federation,2018,3.63E+12,146430147,57892.727,401.062,395.445,828.859,2543.358,500.485,20.091,1712.494
Russian Federation,2019,3.71E+12,146533063,57430.348,395.101,402.824,807.388,2419.921,520.043,20.306,1705.031
Russian Federation,2020,3.61E+12,146371293,55480.828,367.669,384.939,784.291,2403.698,507.25,20.581,1632.929
Russian Federation,2021,3.81E+12,145836172,57444.508,382.146,376.578,854.064,2528.804,530.449,22.158,1711.993
Russian Federation,2022,3.73E+12,145579890,59650.238,428.488,386.742,887.432,2668.347,523.302,22.48,1802.19
Russian Federation,2023,,145440504,60175.367,427.636,390.757,897.26,2691.068,533.118,23.224,1815.925
Saudi Arabia,1990,2.30E+11,10640698,58003.781,0,111.4,64.344,250.657,56.621,5.819,182.025
Saudi Arabia,1991,2.79E+11,11160752,58390.523,0.024,170.679,67.51,321.77,66.407,5.509,244.587
Saudi Arabia,1992,3.06E+11,11686682,56810.156,0.007,194.701,73.423,355.099,69.098,7.417,276.086
Saudi Arabia,1993,3.18E+11,12215865,56193.195,0.052,212.794,76.86,376.265,69.937,7.398,297.833
Saudi Arabia,1994,3.36E+11,12750036,63132.098,0.068,195.159,82.099,369.067,70.367,7.246,291.289
Saudi Arabia,1995,3.54E+11,13289245,59823.926,0.05,178.451,82.407,349.683,68.91,7.612,274.692
Saudi Arabia,1996,3.82E+11,13831002,60202.789,0.046,169.343,85.441,347.09,72.073,7.925,269.594
Saudi Arabia,1997,4.05E+11,14374948,59696.375,0.061,124.004,87.991,307.008,74.811,7.417,227.241
Saudi Arabia,1998,4.36E+11,14922189,61183.16,0.075,114.916,89.682,297.786,74.38,7.596,219.013
Saudi Arabia,1999,4.40E+11,15472075,60706.832,0.059,135.143,88.683,312.154,70.372,7.842,237.822
Saudi Arabia,2000,4.88E+11,16177733,61950.852,0.001,198.371,95.613,389.805,76.485,8.696,309.76
Saudi Arabia,2001,5.07E+11,17041405,64399.926,0.005,205.004,103.061,404.559,76.448,9.887,324.516
Saudi Arabia,2002,5.18E+11,17910909,65480.074,0.028,219.46,110.029,428.147,76.816,11.162,347.097
Saudi Arabia,2003,6.07E+11,18786770,67781.141,0.029,216.839,115.288,441.142,85.852,11.545,351.405
Saudi Arabia,2004,6.91E+11,19669486,71949.188,0.036,263.196,126.075,500.331,87.65,11.722,407.882
Saudi Arabia,2005,7.69E+11,20559884,74232.789,0.07,256.689,136.748,510.968,93.991,11.527,412.411
Saudi Arabia,2006,8.34E+11,21459139,74860.328,0.038,283.766,141.013,547.592,97.136,12.391,445.168
Saudi Arabia,2007,8.96E+11,22368313,73638.344,0.055,258.466,142.852,526.379,97.712,14.179,423.532
Saudi Arabia,2008,1.01E+12,23287883,77575.414,0.108,288.817,154.41,576.37,102.292,18.37,469.713
Saudi Arabia,2009,1.04E+12,24217654,77417.273,0.067,326.067,150.59,607.23,97.95,20.185,504.28
Saudi Arabia,2010,1.16E+12,25157135,83337.156,0.17,359.645,168.268,664.02,102.091,20.991,555.962
Saudi Arabia,2011,1.35E+12,26105636,84816.25,0.17,335.71,177.099,656.582,109.21,22.332,540.579
Saudi Arabia,2012,1.42E+12,27062447,88062.086,0.193,386.219,190.671,728.561,115.095,25.374,606.102
Saudi Arabia,2013,1.46E+12,28026826,86753.602,0.239,359.381,192.011,710.399,115.276,28.223,583.611
Saudi Arabia,2014,1.52E+12,28998127,91258.062,0.257,355.28,196.522,714.487,117.972,29.854,585.568
Saudi Arabia,2015,1.59E+12,29974944,93332.539,0.26,390.524,200.498,757.385,121.713,29.67,624.999
Saudi Arabia,2016,1.63E+12,30717804,95158.547,0.37,395.727,212.801,777.779,125.302,28.879,641.662
Saudi Arabia,2017,1.63E+12,30782402,93054.375,0.55,361.926,222.859,749.784,125.498,23.998,613.685
Saudi Arabia,2018,1.67E+12,30365119,88573.469,0.48,376.489,231.046,776.316,128.472,25.135,637.487
Saudi Arabia,2019,1.69E+12,30472810,82824.383,0.513,395.297,233.226,795.168,127.212,24.604,657.588
Saudi Arabia,2020,1.61E+12,30991205,80184.539,0.432,350.85,234.954,752.066,125.387,25.593,616.086
Saudi Arabia,2021,1.68E+12,31328374,82945.312,0.531,420.768,241.863,832.777,125.972,28.688,695.842
Saudi Arabia,2022,1.82E+12,32175352,86538.398,0.52,442.617,246.702,868.805,134.258,29.997,723.331
Saudi Arabia,2023,,33264288,87198.656,0.52,459.965,241.156,879.087,131.36,29.887,736.205
South Africa,1990,2.35E+11,40746273,25820.756,265.098,40.615,3.444,437.762,73.893,3.773,312.93
South Africa,1991,2.38E+11,41687903,24987.143,277.713,41.238,3.492,458.303,74.542,3.584,326.027
South Africa,1992,2.39E+11,42443510,24593.379,259.668,34.753,3.517,436.294,73.453,3.387,301.325
South Africa,1993,2.47E+11,43297154,24109.285,289.723,23.156,3.924,453.286,75.843,3.541,320.345
South Africa,1994,2.62E+11,44004140,24713.633,299.202,31.646,3.924,470.857,75.949,3.801,338.698
South Africa,1995,2.78E+11,44541559,25406.133,319.53,33.767,3.924,498.666,78.212,4.357,361.694
South Africa,1996,2.97E+11,45123022,25519.965,324.11,31.65,3.532,501.193,79.234,4.318,363.732
South Africa,1997,3.12E+11,45666836,25737.912,333.296,44.243,3.155,524.399,83.3,4.324,385.223
South Africa,1998,3.20E+11,46223887,24972.111,325.821,44.587,2.656,517.034,84.513,3.952,377.262
South Africa,1999,3.35E+11,46730332,25531.172,336.747,30.69,3.473,511.317,84.316,3.777,374.891
South Africa,2000,3.56E+11,47159714,25321.518,337.883,33.302,3.199,511.406,86.518,3.672,378.307
South Africa,2001,3.75E+11,47566805,25228.531,337.693,25.886,4.155,502.076,86.18,3.636,371.624
South Africa,2002,3.96E+11,48019414,24361.893,325.528,22.449,4.122,483.401,86.274,4.205,356.523
South Africa,2003,4.14E+11,48500349,26150.76,357.445,39.744,2.47,528.711,88.69,4.458,404.41
South Africa,2004,4.39E+11,48991420,28271.934,384.086,54.238,6.364,572.924,89.624,4.335,449.307
South Africa,2005,4.70E+11,49490041,26507.484,376.718,27.832,6.313,536.842,90.776,5.068,416.201
South Africa,2006,5.06E+11,49998272,26793.561,382.017,53.08,6.126,567.855,90.178,5.333,446.77
South Africa,2007,5.43E+11,50528577,27246.029,392.172,59.332,7.892,592.673,91.897,5.491,465.045
South Africa,2008,5.72E+11,51114595,28867.252,418.3,62.765,8.119,618.312,94.044,5.343,494.698
South Africa,2009,5.75E+11,51728518,28399.289,390.674,71.071,7.039,593.054,93.364,5.571,474.523
South Africa,2010,6.08E+11,52344045,28270.551,394.437,54.458,8.867,577.552,93.928,5.045,463
South Africa,2011,6.45E+11,52995210,27576.695,389.67,62.665,8.801,579.341,93.727,4.638,465.908
South Africa,2012,6.61E+11,53782569,26791.422,392.821,52.183,9.255,575.617,96.803,4.633,458.965
South Africa,2013,6.77E+11,54678790,26545.875,392.664,51.655,9.384,574.262,96.82,4.893,458.647
South Africa,2014,6.87E+11,55594838,26433.637,399.204,58.756,9.043,587.511,97.512,4.911,471.965
South Africa,2015,6.96E+11,56723537,25372.062,377.026,53.894,9.966,560.151,96.551,5.419,446.349
South Africa,2016,7.01E+11,57259550,26274.004,384.493,59.049,7.815,568.615,94.968,5.691,457.09
South Africa,2017,7.09E+11,57635158,26075.314,369.921,57.224,7.339,554.205,96.315,5.481,439.996
South Africa,2018,7.19E+11,58613000,24785.197,355.115,64.823,9.12,548.07,95.185,5.466,434.581
South Africa,2019,7.22E+11,59587880,25577.125,394.345,55.169,9.105,577.932,94.785,5.453,464.114
South Africa,2020,6.76E+11,60562374,23687.934,373.889,45.408,9.644,546.879,92.778,5.071,434.067
South Africa,2021,7.09E+11,61502601,23674.678,355.642,56.558,8.383,539.087,91.139,5.282,425.918
South Africa,2022,7.24E+11,62378419,22594.381,335.074,56.434,8.484,517.475,90.305,5.282,405.312
South Africa,2023,,63212386,22313.898,329.773,57.361,9.433,512.957,88.806,5.282,401.893
"Korea, Rep.",1990,5.95E+11,44081425,24162.186,94.308,130.947,6.433,273.947,37.195,15.873,250.511
"Korea, Rep.",1991,6.52E+11,44439149,27100.135,94.094,151.671,7.441,302.876,37.27,18.962,275.688
"Korea, Rep.",1992,6.87E+11,44653700,30416.184,91.32,173.971,9.733,327.677,36.142,21.129,299.905
"Korea, Rep.",1993,7.29E+11,44887722,33184.629,99.62,189.427,12.159,355.763,34.886,24.7,330.174
"Korea, Rep.",1994,7.91E+11,45130842,35601.617,101.801,206.573,16.186,382.923,34.438,26.84,355.695
"Korea, Rep.",1995,8.61E+11,45368425,38704.719,105.3,226.079,19.574,411.716,34.444,28.105,383.665
"Korea, Rep.",1996,9.20E+11,45638701,42497.312,122.689,239.471,25.859,452.547,36.049,28.309,420.996
"Korea, Rep.",1997,9.68E+11,45941541,46366.664,133.313,246.07,31.427,480.906,36.473,29.32,444.968
"Korea, Rep.",1998,9.08E+11,46230883,42083.441,137.598,183.586,29.399,409.768,35.352,22.879,378.038
"Korea, Rep.",1999,1.00E+12,46500382,45614.859,145.635,200.628,35.797,444.353,35.171,23.719,410.519
"Korea, Rep.",2000,1.09E+12,46766659,47970.941,163.883,206.229,40.204,474.523,37.05,24.756,439.981
"Korea, Rep.",2001,1.13E+12,47043466,48840.297,174.626,206.083,44.163,490.842,36.795,25.665,455.631
"Korea, Rep.",2002,1.20E+12,47299118,50816.59,187.637,207.116,49.069,507.07,35.029,27.107,476.065
"Korea, Rep.",2003,1.23E+12,47514158,52214.469,195.319,205.372,51.401,516.537,35.333,27.92,485.213
"Korea, Rep.",2004,1.28E+12,47697076,53221.828,203.138,196.256,60.234,524.868,35.882,26.124,491.389
"Korea, Rep.",2005,1.32E+12,47851646,54823.371,209.293,195.069,65.27,533.677,36.327,23.326,498.688
"Korea, Rep.",2006,1.38E+12,48006518,55548.691,216.428,190.054,67.995,538.892,36.984,23.14,503.478
"Korea, Rep.",2007,1.45E+12,48178122,57011.746,228.427,187.258,73.37,557.804,37.284,26.275,521.709
"Korea, Rep.",2008,1.48E+12,48356486,57747.695,253.041,171.088,75.924,566.226,34.66,26.08,532.651
"Korea, Rep.",2009,1.48E+12,48546689,57844.699,262.395,172.708,72.171,572.639,35.284,24.553,537.82
"Korea, Rep.",2010,1.56E+12,48769330,62181.16,295.05,176.156,91.541,629.962,35.873,24.297,594.339
"Korea, Rep.",2011,1.61E+12,49127641,64597.434,320.169,171.469,98.513,661.308,36.119,24.721,623.443
"Korea, Rep.",2012,1.65E+12,49599579,64799.957,316.99,170.817,106.566,666.282,36.973,24.849,627.943
"Korea, Rep.",2013,1.70E+12,50071168,64390.82,320.644,168.582,111.531,672.719,37.175,25.05,634.581
"Korea, Rep.",2014,1.75E+12,50539055,64335.422,331.304,161.534,101.445,668.111,37.659,25.412,629.366
"Korea, Rep.",2015,1.80E+12,50983908,64899.633,335.411,170.594,92.589,673.841,38.226,25.779,634.177
"Korea, Rep.",2016,1.86E+12,51297837,66408.734,320.697,184.034,96.655,677.875,38.388,26.672,637.914
"Korea, Rep.",2017,1.92E+12,51486268,66893.758,337.669,179.413,100.861,695.344,39.105,26.351,654.537
"Korea, Rep.",2018,1.97E+12,51640894,67787.555,340.348,177.633,117.173,711.172,39.393,24.702,670.169
"Korea, Rep.",2019,2.02E+12,51767843,66842.078,321.606,175.797,113.586,686.98,39.536,24.93,646.102
"Korea, Rep.",2020,2.00E+12,51858480,64557.531,282.883,165.068,116.635,642.407,43.407,22.866,597.634
"Korea, Rep.",2021,2.08E+12,51848401,67653.844,283.908,171.484,126.79,662.686,44.972,23.704,616.075
"Korea, Rep.",2022,2.14E+12,51782514,68364.156,268.099,173.664,126.732,649.374,45.351,23.409,602.092
"Korea, Rep.",2023,,51748744,66698.023,251.87,170.389,122.051,626.952,47.738,22.918,577.417
Sweden,1990,2.40E+11,8558569,75359.844,11.759,41.99,1.588,63.014,16.434,1.272,57.52
Sweden,1991,2.38E+11,8616954,74717.539,11.847,42.231,1.716,64.233,16.045,1.137,57.751
Sweden,1992,2.36E+11,8667577,75575.367,11.103,42.608,1.993,66.006,15.939,1.089,57.578
Sweden,1993,2.32E+11,8718036,74527.914,11.05,42.505,2.065,68.644,16.269,1.092,57.572
Sweden,1994,2.42E+11,8780193,74486.352,11.237,44.745,2.027,73.263,16.373,1.109,60.026
Sweden,1995,2.52E+11,8826299,76114.609,11.224,44.029,2.061,76.36,16.094,1.296,59.512
Sweden,1996,2.56E+11,8840329,74011.07,12.388,46.635,2.224,79.983,15.645,1.225,63.381
Sweden,1997,2.64E+11,8845524,76452.516,10.784,43.282,2.254,76.458,16.711,1.105,58.383
Sweden,1998,2.76E+11,8850606,79912.117,11.108,43.309,2.23,77.482,15.76,1.133,58.802
Sweden,1999,2.90E+11,8857691,77979.523,10.048,41.585,2.171,73.701,15.96,1.139,55.982
Sweden,2000,3.03E+11,8872100,73473.094,10.102,40.448,2.079,76.525,16.04,1.288,54.93
Sweden,2001,3.08E+11,8896018,78203.445,10.942,40.175,2.397,79.393,15.854,1.332,55.838
Sweden,2002,3.17E+11,8925044,72761.773,11.42,40.495,2.442,80.335,16.22,1.28,56.685
Sweden,2003,3.26E+11,8958432,67983.805,11.55,41.209,2.266,85.793,16.434,1.206,57.292
Sweden,2004,3.42E+11,8993806,73809.125,11.815,40.175,2.196,87.769,16.92,1.284,56.517
Sweden,2005,3.54E+11,9029770,74351.461,10.952,38.628,1.867,87.59,13.616,1.315,53.875
Sweden,2006,3.72E+11,9080626,69210.57,10.696,38.067,2.048,89.932,15.367,1.442,53.738
Sweden,2007,3.88E+11,9148277,69957.219,10.775,37.124,2.16,89.336,15.139,1.339,52.994
Sweden,2008,3.89E+11,9219903,69189.039,10.344,35.675,1.888,85.546,14.669,1.396,50.866
Sweden,2009,3.73E+11,9298738,62336.012,7.372,34.707,2.483,81.298,14.34,1.263,47.238
Sweden,2010,4.00E+11,9378234,66270.922,10.317,36.521,3.431,88.076,14.141,1.324,53.12
Sweden,2011,3.98E+11,9449262,64644.645,9.472,34.127,2.718,82.093,14.13,1.361,49.211
Sweden,2012,3.95E+11,9519479,67522.562,8.643,32.73,2.356,79.582,14.06,1.479,46.712
Sweden,2013,4.00E+11,9600621,62550.262,8.744,31.339,2.358,76.917,13.594,1.402,45.202
Sweden,2014,4.11E+11,9696437,61633.875,8.291,30.381,2.054,74.93,13.198,1.399,43.473
Sweden,2015,4.29E+11,9799482,63157.691,8.022,30.49,1.967,75.343,13.053,1.537,43.418
Sweden,2016,4.38E+11,9923281,61225.848,8.034,30.341,2.261,75.775,13.132,1.554,43.414
Sweden,2017,4.49E+11,10057864,62769.023,8.315,29.4,1.812,75.909,13.345,1.484,42.438
Sweden,2018,4.58E+11,10175401,59946.555,8.093,29.098,1.886,74.144,13.229,1.607,42.058
Sweden,2019,4.67E+11,10279122,60948.945,8.115,28.523,1.78,72.984,13.157,1.357,40.834
Sweden,2020,4.57E+11,10353680,57891.91,6.649,26.363,1.442,69.069,13.295,1.272,36.703
Sweden,2021,4.81E+11,10416136,60540.156,6.992,27.953,1.901,72.092,13.131,1.259,38.634
Sweden,2022,4.94E+11,10487333,58931.953,6.914,25.997,1.55,69.975,13.064,1.259,37.474
Sweden,2023,,10551493,56303.941,6.79,25.365,1.388,70.233,13.069,1.259,36.556
Turkiye,1990,4.87E+11,56015626,10332.53,70.204,60.12,7.647,243.461,42.87,10.445,151.615
Turkiye,1991,4.98E+11,57009892,10360.026,74.99,58.789,9.145,240.267,41.382,12.021,158.126
Turkiye,1992,5.35E+11,57990120,10706.295,75.08,63.246,9.926,244.94,42.67,13.265,164.065
Turkiye,1993,5.86E+11,58999167,11435.848,70.566,73.136,11.088,255.17,42.148,13.049,171.139
Turkiye,1994,5.62E+11,60033831,10881.467,68.585,70.63,11.348,236.249,41.411,13.493,167.566
Turkiye,1995,6.11E+11,61024501,11973.709,71.101,78.056,14.441,250.183,43.467,14.133,181.355
Turkiye,1996,6.63E+11,61951134,12847.721,82.694,82.12,16.82,271.9,47.415,14.662,199.647
Turkiye,1997,7.22E+11,62852969,13223.166,90.549,81.899,20.788,297.777,52.355,15.105,212.108
Turkiye,1998,7.55E+11,63734384,13346.017,94.057,77.471,21.658,296.961,54.247,15.292,212.135
Turkiye,1999,7.25E+11,64591916,12802.255,84.306,78.876,26.718,286.698,57.093,14.59,207.928
Turkiye,2000,7.85E+11,65425958,13468.915,98.619,82.614,30.118,317.786,60.721,15.184,229.937
Turkiye,2001,7.32E+11,66245126,12055.402,84.601,78.145,32.578,304.604,61.45,15.087,213.581
Turkiye,2002,7.96E+11,67048793,13020.211,87.32,80.255,34.766,296.86,55.981,15.513,221.226
Turkiye,2003,8.49E+11,67831736,13600.33,92.078,81.859,43.193,334.44,56.752,16.022,236.766
Turkiye,2004,9.31E+11,68592621,14366.604,93.453,85.843,44.368,328.69,53.188,17.207,244.769
Turkiye,2005,1.02E+12,69329555,14498.5,102.178,84.446,54.859,338.216,55.049,19.117,264.871
Turkiye,2006,1.10E+12,70045352,15876.872,111.676,83.084,62.166,352.301,60.833,20.841,282.368
Turkiye,2007,1.16E+12,70750595,16655.863,126.159,87.866,72.005,383.897,64.512,22.78,313.693
Turkiye,2008,1.18E+12,71562344,16498.441,122.958,86.88,71.548,378.406,64.422,24.85,310.622
Turkiye,2009,1.12E+12,72464845,16514.057,130.449,83.74,71.36,395.25,67.8,27.04,316.412
Turkiye,2010,1.24E+12,73346766,17120.85,129.772,80.523,71.655,390.87,73.296,29.977,316.193
Turkiye,2011,1.36E+12,74215200,18025.576,135.425,84.197,86.048,427.091,75.881,31.454,342.057
Turkiye,2012,1.43E+12,75197195,18877.383,141.827,89.728,87.094,459.346,81.462,31.372,356.107
Turkiye,2013,1.55E+12,76403032,18441.619,125.598,94.357,86.692,462.882,85.294,33.913,347.332
Turkiye,2014,1.63E+12,78036154,18618.826,130.464,98.998,93.537,483.129,89.405,34.498,364.028
Turkiye,2015,1.73E+12,80014221,19951.004,139.39,108.643,96.438,510.196,91.695,34.441,384.93
Turkiye,2016,1.78E+12,81652086,20602.953,152.272,117.847,91.852,537.192,94.528,37.528,405.95
Turkiye,2017,1.92E+12,83083668,21772.998,158.615,120.765,104.89,567.014,98.185,39.469,430.901
Turkiye,2018,1.98E+12,84415966,21590.242,163.563,116.358,95.751,551.631,105.487,39.413,422.059
Turkiye,2019,1.99E+12,85357671,22150.566,165.994,114.354,83.614,543.94,107.858,32.349,402.692
Turkiye,2020,2.03E+12,86091691,21652.902,159.296,114.069,92.29,566.476,111.416,40.813,412.927
Turkiye,2021,2.26E+12,86686255,23015.531,166.226,119.998,115.652,614.056,115.732,44.227,452.703
Turkiye,2022,2.39E+12,87058470,23108.615,168.425,125.125,98.903,606.481,120.409,38.253,437.305
Turkiye,2023,,87270503,22668.203,157.878,131.864,97.466,611.703,123.496,38.27,432.077
United Kingdom,1990,1.51E+12,57367867,43845.023,252.69,217.8,113.518,803.556,139.788,7.295,601.945
United Kingdom,1991,1.49E+12,57555199,44652.039,253.623,218.39,121.693,812.111,143.005,5.994,609.413
United Kingdom,1992,1.49E+12,57719272,44259.449,237.747,218.447,122.296,779.766,138.337,5.456,593.846
United Kingdom,1993,1.53E+12,57861036,44663.285,207.686,219.163,137.591,758.459,134.762,5.525,579.613
United Kingdom,1994,1.59E+12,58003200,44021.512,195.376,215.736,145.455,750.514,129.788,6.368,574.017
United Kingdom,1995,1.62E+12,58154632,44062.301,181.699,211.595,154.254,750.881,133.805,6.285,566.159
United Kingdom,1996,1.66E+12,58298563,46080.582,173.072,216.892,177.543,776.404,133.327,6.416,586.761
United Kingdom,1997,1.71E+12,58447090,45150.043,154.729,207.743,182.887,744.276,131.297,6.71,562.708
United Kingdom,1998,1.77E+12,58626822,45374.645,154.088,204.934,191.361,737.037,123.523,6.838,568.544
United Kingdom,1999,1.82E+12,58838660,45010.832,138.313,201.663,205.231,712.124,116.234,6.531,561.65
United Kingdom,2000,1.89E+12,59057336,45269.57,144.443,198.238,210.131,714.314,110.628,6.332,569.034
United Kingdom,2001,1.94E+12,59288095,45552.789,153.534,198.651,210.16,719.587,107.047,5.844,577.971
United Kingdom,2002,1.98E+12,59540763,44323.301,141.691,196.13,207.03,696.095,102.179,5.988,560.273
United Kingdom,2003,2.05E+12,59820385,44740.039,153.103,194.397,208.462,705.014,97.367,5.868,571.619
United Kingdom,2004,2.10E+12,60169964,44847.297,147.662,197.952,211.734,705.418,92.328,5.977,573.43
United Kingdom,2005,2.16E+12,60596108,44924.059,148.033,200.448,205.438,710.881,85.263,5.941,570.338
United Kingdom,2006,2.21E+12,61051093,44048.914,160.844,197.183,194.126,696.889,78.925,5.893,567.846
United Kingdom,2007,2.27E+12,61535860,42510.004,150.844,196.16,196.52,678.446,73.633,6.117,559.566
United Kingdom,2008,2.25E+12,62027303,41443.582,139.219,188.8,202.655,655.32,68.297,5.205,544.932
United Kingdom,2009,2.15E+12,62506221,39034.461,113.823,180.264,188.07,596.275,64.284,3.721,494.108
United Kingdom,2010,2.19E+12,63006484,39533.43,118.03,179.848,201.927,610.291,59.143,3.792,511.905
United Kingdom,2011,2.22E+12,63509285,37002.133,117.15,172.06,168.236,566.245,56.045,4.097,469.713
United Kingdom,2012,2.26E+12,63960487,37287.375,148.005,170.288,158.24,584.074,54.48,3.724,487.477
United Kingdom,2013,2.30E+12,64389386,36961.617,142.457,165.756,157.622,570.685,52.139,4.029,477.611
United Kingdom,2014,2.37E+12,64865914,34675.379,115.434,166.511,144.492,530.489,51.119,4.215,438.807
United Kingdom,2015,2.43E+12,65382107,34977.094,91.548,170.773,147.899,517.176,50.97,4.393,422.461
United Kingdom,2016,2.48E+12,65893359,34171.621,47.825,173.93,165.742,494.167,51.591,4.553,399.43
United Kingdom,2017,2.54E+12,66354474,34043.488,39.129,174.851,161.697,480.74,52.404,4.41,387.367
United Kingdom,2018,2.58E+12,66752473,33820.566,33.28,173.087,161.485,474.72,52.202,4.364,379.73
United Kingdom,2019,2.62E+12,67110958,32930.707,24.513,168.996,159.321,457.551,51.353,4.448,364.753
United Kingdom,2020,2.33E+12,67351860,29394.623,22.809,143.981,149.42,415.25,50.337,3.9,326.263
United Kingdom,2021,2.51E+12,67668789,29591.666,23.739,151.894,158.404,433.642,49.523,4.215,344.51
United Kingdom,2022,2.62E+12,68179315,29904.859,19.666,149.52,134.872,402.284,48.961,4.073,313.835
United Kingdom,2023,,68682965,28501.387,17.556,154.927,123.221,392.245,47.982,3.616,305.146
United States,1990,9.25E+12,253373385,91135.344,1814.537,2178.622,1023.425,6207.367,826.107,33.484,5120.957
United States,1991,9.22E+12,256471425,89758.711,1797.157,2120.971,1042.436,6138.273,821.455,32.736,5062.957
United States,1992,9.55E+12,259606020,89793.594,1817.281,2174.379,1080.4,6248.525,825.183,32.993,5174.228
United States,1993,9.81E+12,262633235,90410.414,1879.596,2181.652,1109.23,6345.52,828.603,34.838,5272.851
United States,1994,1.02E+13,265474811,90836.938,1894.402,2227.062,1137.428,6487.305,833.771,36.31,5364.279
United States,1995,1.05E+13,268205794,91633.539,1913.401,2217.904,1186.511,6463.498,820.551,37.075,5425.259
United States,1996,1.09E+13,270860696,93557.016,1993.564,2305.301,1206.587,6648.774,815.159,37.309,5612.983
United States,1997,1.14E+13,273468014,93078.266,2038.751,2326.338,1214.128,6734.536,812.65,38.561,5688.142
United States,1998,1.19E+13,276119323,92495.008,2062.838,2370.915,1191.097,6784.128,797.709,39.461,5733.281
United States,1999,1.24E+13,278785482,93004.266,2063.366,2433.46,1197.931,6888.516,781.651,40.239,5803.918
United States,2000,1.29E+13,281484127,94002.734,2163.591,2487.84,1251.388,7068.609,776.539,41.445,6010.136
United States,2001,1.31E+13,284279629,90791.711,2099.728,2502.249,1198.855,6853.825,754.14,41.613,5907.74
United States,2002,1.33E+13,287084336,91199.055,2103.809,2495.708,1237.821,6846.503,739.274,43.164,5946.308
United States,2003,1.37E+13,289908091,90629.312,2144.086,2557.332,1201.066,6974.828,742.384,43.349,6010.146
United States,2004,1.42E+13,292786247,91509.82,2164.412,2630.811,1204.871,7014.975,736.453,45.886,6112.655
United States,2005,1.47E+13,295716665,90662.727,2188.337,2642.556,1186.902,7090.202,734.175,46.194,6132.183
United States,2006,1.51E+13,298730210,89073.188,2152.56,2609.566,1173.252,6950.675,745.984,46.851,6052.686
United States,2007,1.53E+13,301844227,89404.797,2175.033,2592.442,1247.321,7026.121,754.316,45.509,6130.123
United States,2008,1.53E+13,304970328,86384.328,2135.89,2414.717,1252.606,6868.438,770.415,41.416,5915.119
United States,2009,1.49E+13,308023451,81392.367,1872.386,2280.318,1231.696,6325.587,731.385,29.615,5480.726
United States,2010,1.52E+13,311062786,83402.883,1982.954,2300.574,1290.495,6563.317,713.843,31.449,5679.715
United States,2011,1.55E+13,314105078,81971.984,1873.284,2252.414,1310.707,6368.639,720.301,32.208,5546.116
United States,2012,1.58E+13,317115348,79100.781,1658.491,2196.025,1372.072,6226.069,702.431,35.27,5344.086
United States,2013,1.61E+13,320110753,80559.258,1720.408,2224.627,1410.482,6303.703,700.429,36.369,5480.157
United States,2014,1.65E+13,323115378,80724.133,1710.594,2247.931,1435.209,6438.455,704.579,39.439,5528.681
United States,2015,1.69E+13,326126498,79318.57,1479.145,2285.676,1476.136,6248.505,692.981,39.907,5376.473
United States,2016,1.72E+13,329179421,78625.453,1347.943,2299.961,1481.873,6146.357,673.674,39.439,5252.932
United States,2017,1.76E+13,332204656,78303.609,1308.716,2315.177,1460.656,6156.777,687.428,40.324,5212.162
United States,2018,1.81E+13,335056495,80595.484,1256.631,2366.168,1619.275,6305.474,707.426,38.971,5377.797
United States,2019,1.85E+13,337790068,79500.234,1071.666,2360.999,1675.471,6216.229,720.439,40.896,5262.145
United States,2020,1.80E+13,339436157,73294.336,877.92,2047.544,1656.255,5651.509,687.597,40.688,4714.628
United States,2021,1.91E+13,340161441,77023.773,1004.759,2238.883,1659.128,6009.153,689.588,41.312,5032.213
United States,2022,1.95E+13,341534041,78347.914,942.357,2258.467,1748.499,6067.148,695.298,41.418,5078.871
United States,2023,,343477332,77027.836,776.767,2250.856,1755.923,5894.857,683.538,39.714,4911.391
